NameOfStation,Line,Year,IncomingPassengers,OutgoingPassengers,global_id
Авиамоторная,Большая кольцевая линия,2023,4081013,4213733,2581188729
Авиамоторная,Большая кольцевая линия,2024,3093565,3434417,2664615752
Авиамоторная,Калининская линия,2021,12933490,13555698,1139050925
Авиамоторная,Калининская линия,2022,14050604,14720309,2363422066
Авиамоторная,Калининская линия,2023,12463815,13086117,2581190217
Авиамоторная,Калининская линия,2024,8357823,8765459,2664619903
Авиамоторная,Некрасовская линия,2021,1905222,1904907,1146103236
Авиамоторная,Некрасовская линия,2022,2391878,2390575,2363398695
Автозаводская,Замоскворецкая линия,2021,11612440,12283317,1139049540
Автозаводская,Замоскворецкая линия,2022,13931500,14679342,2363398734
Автозаводская,Замоскворецкая линия,2023,15753530,16196945,2581188779
Автозаводская,Замоскворецкая линия,2024,9389735,9862632,2664615791
Автозаводская,Московское центральное кольцо,2021,1832539,2050112,1139050932
Автозаводская,Московское центральное кольцо,2022,2127170,2382922,2363429683
Автозаводская,Московское центральное кольцо,2023,2192821,2364270,2581190507
Автозаводская,Московское центральное кольцо,2024,1357950,1501555,2664648952
Академическая,Калужско-Рижская линия,2021,10453779,10496852,1138976238
Академическая,Калужско-Рижская линия,2022,11037910,11140785,2363398772
Академическая,Калужско-Рижская линия,2023,11640695,11736687,2581188818
Академическая,Калужско-Рижская линия,2024,8466917,8551209,2664615822
Александровский сад,Филёвская линия,2021,4811416,4847495,1139049618
Александровский сад,Филёвская линия,2022,5713947,5770249,2363398984
Александровский сад,Филёвская линия,2023,6222183,6303965,2581189028
Александровский сад,Филёвская линия,2024,4769692,4815986,2664615991
Алексеевская,Калужско-Рижская линия,2021,10357055,10680575,1138976223
Алексеевская,Калужско-Рижская линия,2022,10884787,11192049,2363398761
Алексеевская,Калужско-Рижская линия,2023,11074948,11327929,2581188807
Алексеевская,Калужско-Рижская линия,2024,8112690,8288601,2664615814
Алма-Атинская,Замоскворецкая линия,2021,4380655,4278364,1138976150
Алма-Атинская,Замоскворецкая линия,2022,4470584,4330464,2363398745
Алма-Атинская,Замоскворецкая линия,2023,4087199,3954788,2581188789
Алма-Атинская,Замоскворецкая линия,2024,3405997,3309963,2664615801
Алтуфьево,Серпуховско-Тимирязевская линия,2021,14692366,14383791,1138976325
Алтуфьево,Серпуховско-Тимирязевская линия,2022,15197973,14774335,2363398875
Алтуфьево,Серпуховско-Тимирязевская линия,2023,14803934,14361553,2581188920
Алтуфьево,Серпуховско-Тимирязевская линия,2024,9375159,9175498,2664615897
Аминьевская,Большая кольцевая линия,2021,169580,168823,1508957892
Аминьевская,Большая кольцевая линия,2022,3700368,3634285,2363398702
Аминьевская,Большая кольцевая линия,2023,6412453,6312589,2581188736
Аминьевская,Большая кольцевая линия,2024,6659838,6562620,2664615756
Андроновка,Московское центральное кольцо,2021,2704981,2765970,1138976466
Андроновка,Московское центральное кольцо,2022,2692975,2717607,2363398843
Андроновка,Московское центральное кольцо,2023,2640708,2652509,2581189590
Андроновка,Московское центральное кольцо,2024,2083553,2091259,2664615873
Аннино,Серпуховско-Тимирязевская линия,2021,7755888,7130747,1138976364
Аннино,Серпуховско-Тимирязевская линия,2022,8635813,7945197,2363398901
Аннино,Серпуховско-Тимирязевская линия,2023,9094852,8371768,2581188945
Аннино,Серпуховско-Тимирязевская линия,2024,6255976,5781720,2664615919
Арбатская,Арбатско-Покровская линия,2021,9251145,9660316,1139050927
Арбатская,Арбатско-Покровская линия,2022,8860702,9331873,2363419309
Арбатская,Арбатско-Покровская линия,2023,9264209,9740275,2581190032
Арбатская,Арбатско-Покровская линия,2024,7136301,7494257,2664619808
Арбатская,Филёвская линия,2021,1784613,1724253,1139049566
Арбатская,Филёвская линия,2022,1962643,1904671,2363398983
Арбатская,Филёвская линия,2023,2050874,1977976,2581189027
Арбатская,Филёвская линия,2024,1662898,1594691,2664615990
Аэропорт,Замоскворецкая линия,2021,11077603,11282531,1138976023
Аэропорт,Замоскворецкая линия,2022,11721549,11994169,2363398725
Аэропорт,Замоскворецкая линия,2023,11851728,12124175,2581188770
Аэропорт,Замоскворецкая линия,2024,8773933,8955708,2664615782
Аэропорт Внуково,Солнцевская линия,2023,974376,664080,2630091660
Аэропорт Внуково,Солнцевская линия,2024,2582670,1712587,2664616047
Бабушкинская,Калужско-Рижская линия,2021,15055626,15052522,1138976216
Бабушкинская,Калужско-Рижская линия,2022,16016871,15904777,2363398756
Бабушкинская,Калужско-Рижская линия,2023,16210073,16017501,2581188802
Бабушкинская,Калужско-Рижская линия,2024,12082250,11942986,2664615810
Багратионовская,Филёвская линия,2021,4687286,4703946,1138976138
Багратионовская,Филёвская линия,2022,5357050,5384305,2363398977
Багратионовская,Филёвская линия,2023,5293214,5304362,2581189019
Багратионовская,Филёвская линия,2024,4000751,4009248,2664615985
Балтийская,Московское центральное кольцо,2021,4190185,4472494,1138976507
Балтийская,Московское центральное кольцо,2022,3962590,4302996,2363398863
Балтийская,Московское центральное кольцо,2023,3868814,4204211,2581189609
Балтийская,Московское центральное кольцо,2024,2901995,3140308,2664615887
Баррикадная,Таганско-Краснопресненская линия,2021,6631637,6868910,1138976182
Баррикадная,Таганско-Краснопресненская линия,2022,7684162,7946939,2363398958
Баррикадная,Таганско-Краснопресненская линия,2023,8137541,8365235,2581189000
Баррикадная,Таганско-Краснопресненская линия,2024,6228333,6380584,2664615969
Бауманская,Арбатско-Покровская линия,2021,16362931,17118988,1138976010
Бауманская,Арбатско-Покровская линия,2022,18224011,19146625,2363398677
Бауманская,Арбатско-Покровская линия,2023,18526255,19381819,2581188712
Бауманская,Арбатско-Покровская линия,2024,13439493,14054615,2664615740
Беговая,Таганско-Краснопресненская линия,2021,13640505,13787116,1138976177
Беговая,Таганско-Краснопресненская линия,2022,13710047,13825366,2363398955
Беговая,Таганско-Краснопресненская линия,2023,11873059,11985180,2581188998
Беговая,Таганско-Краснопресненская линия,2024,8451918,8542295,2664615965
Белокаменная,Московское центральное кольцо,2021,338737,352012,1138976452
Белокаменная,Московское центральное кольцо,2022,456508,475723,2363398836
Белокаменная,Московское центральное кольцо,2023,545628,570412,2581189582
Белокаменная,Московское центральное кольцо,2024,423656,442858,2664615869
Беломорская,Замоскворецкая линия,2021,9386581,8940629,1138976018
Беломорская,Замоскворецкая линия,2022,9762071,9316657,2363398720
Беломорская,Замоскворецкая линия,2023,9790315,9311797,2581188764
Беломорская,Замоскворецкая линия,2024,7170125,6825243,2664615777
Белорусская,Замоскворецкая линия,2021,9190081,8802983,1139049538
Белорусская,Замоскворецкая линия,2022,8672026,8637293,2363398727
Белорусская,Замоскворецкая линия,2023,9356171,9000712,2581188772
Белорусская,Замоскворецкая линия,2024,7364465,7242840,2664615785
Белорусская,Кольцевая линия,2021,14126165,13599465,1139050942
Белорусская,Кольцевая линия,2022,15764250,14887542,2363424682
Белорусская,Кольцевая линия,2023,15487884,14832247,2581190258
Белорусская,Кольцевая линия,2024,12132431,11371795,2664620070
Беляево,Калужско-Рижская линия,2021,10859622,11149278,1138976245
Беляево,Калужско-Рижская линия,2022,12338158,12520069,2363398777
Беляево,Калужско-Рижская линия,2023,12803306,12982717,2581188823
Беляево,Калужско-Рижская линия,2024,9269232,9397321,2664615826
Бибирево,Серпуховско-Тимирязевская линия,2021,9210947,9264343,1138976327
Бибирево,Серпуховско-Тимирязевская линия,2022,9580264,9583508,2363398876
Бибирево,Серпуховско-Тимирязевская линия,2023,9518499,9486899,2581188921
Бибирево,Серпуховско-Тимирязевская линия,2024,7024359,7014503,2664615898
Библиотека имени Ленина,Сокольническая линия,2021,0,0,1508958579
Библиотека имени Ленина,Сокольническая линия,2022,0,0,2363398915
Библиотека имени Ленина,Сокольническая линия,2023,0,0,2581188959
Библиотека имени Ленина,Сокольническая линия,2024,0,0,2664615930
Битцевский парк,Бутовская линия Лёгкого метро,2021,1049438,802177,1138976293
Битцевский парк,Бутовская линия Лёгкого метро,2022,1037674,778446,2363398710
Битцевский парк,Бутовская линия Лёгкого метро,2023,1053502,770376,2581188754
Битцевский парк,Бутовская линия Лёгкого метро,2024,687361,490376,2664615768
Борисово,Люблинско-Дмитровская линия,2021,3745096,3712648,1138976412
Борисово,Люблинско-Дмитровская линия,2022,4052703,3996259,2363398820
Борисово,Люблинско-Дмитровская линия,2023,4240127,4156947,2581188868
Борисово,Люблинско-Дмитровская линия,2024,2821234,2782654,2664615858
Боровицкая,Серпуховско-Тимирязевская линия,2021,1984186,2087135,1138976342
Боровицкая,Серпуховско-Тимирязевская линия,2022,2207530,2330566,2363398887
Боровицкая,Серпуховско-Тимирязевская линия,2023,2198422,2318853,2581188932
Боровицкая,Серпуховско-Тимирязевская линия,2024,1729209,1822419,2664615907
Боровское шоссе,Солнцевская линия,2021,1779522,1679757,1138976420
Боровское шоссе,Солнцевская линия,2022,1882715,1779480,2363398944
Боровское шоссе,Солнцевская линия,2023,2025625,1926636,2581188987
Боровское шоссе,Солнцевская линия,2024,1393967,1313689,2664615954
Ботанический сад,Калужско-Рижская линия,2021,5267359,6005168,1139049558
Ботанический сад,Калужско-Рижская линия,2022,5677665,6513206,2363398759
Ботанический сад,Калужско-Рижская линия,2023,6574545,7325876,2581188805
Ботанический сад,Калужско-Рижская линия,2024,5674909,6192725,2664615812
Ботанический сад,Московское центральное кольцо,2021,3330747,4050712,1139050935
Ботанический сад,Московское центральное кольцо,2022,3859408,4712416,2363426484
Ботанический сад,Московское центральное кольцо,2023,4245683,5087240,2581190445
Ботанический сад,Московское центральное кольцо,2024,3196047,3835369,2664648741
Братиславская,Люблинско-Дмитровская линия,2021,12234795,12197658,1138976409
Братиславская,Люблинско-Дмитровская линия,2022,12869516,12806678,2363398817
Братиславская,Люблинско-Дмитровская линия,2023,13104135,12991273,2581188866
Братиславская,Люблинско-Дмитровская линия,2024,9593871,9519999,2664615856
Бульвар Дмитрия Донского,Серпуховско-Тимирязевская линия,2021,17431506,16847683,1138976365
Бульвар Дмитрия Донского,Серпуховско-Тимирязевская линия,2022,18654071,17986485,2363398902
Бульвар Дмитрия Донского,Серпуховско-Тимирязевская линия,2023,19632049,18849161,2581188946
Бульвар Дмитрия Донского,Серпуховско-Тимирязевская линия,2024,14651864,14046933,2664615920
Бульвар Рокоссовского,Московское центральное кольцо,2021,3396919,3565787,1139050938
Бульвар Рокоссовского,Московское центральное кольцо,2022,3459196,3613119,2363426609
Бульвар Рокоссовского,Московское центральное кольцо,2023,3275086,3407741,2581190458
Бульвар Рокоссовского,Московское центральное кольцо,2024,2267635,2355041,2664648747
Бульвар Рокоссовского,Сокольническая линия,2021,7120502,7136150,1139049543
Бульвар Рокоссовского,Сокольническая линия,2022,7971320,7916514,2363398903
Бульвар Рокоссовского,Сокольническая линия,2023,8455588,8376441,2581188948
Бульвар Рокоссовского,Сокольническая линия,2024,6388727,6347347,2664615921
Бульвар адмирала Ушакова,Бутовская линия Лёгкого метро,2021,3077661,3046413,1139049576
Бульвар адмирала Ушакова,Бутовская линия Лёгкого метро,2022,3520861,3469186,2363398715
Бульвар адмирала Ушакова,Бутовская линия Лёгкого метро,2023,3985134,3923805,2581188759
Бульвар адмирала Ушакова,Бутовская линия Лёгкого метро,2024,2998072,2961500,2664615772
Бунинская аллея,Бутовская линия Лёгкого метро,2021,6343120,6214069,1138976305
Бунинская аллея,Бутовская линия Лёгкого метро,2022,6988216,6828839,2363398717
Бунинская аллея,Бутовская линия Лёгкого метро,2023,7519366,7329051,2581188761
Бунинская аллея,Бутовская линия Лёгкого метро,2024,5632592,5492776,2664615775
Бутырская,Люблинско-Дмитровская линия,2021,4461690,4616942,1138976319
Бутырская,Люблинско-Дмитровская линия,2022,4758024,4917783,2363398802
Бутырская,Люблинско-Дмитровская линия,2023,5097530,5230865,2581188849
Бутырская,Люблинско-Дмитровская линия,2024,4010691,4124867,2664615842
ВДНХ,Калужско-Рижская линия,2021,20823892,20055865,1138976084
ВДНХ,Калужско-Рижская линия,2022,23993869,22892463,2363398760
ВДНХ,Калужско-Рижская линия,2023,26560078,25225416,2581188806
ВДНХ,Калужско-Рижская линия,2024,21879211,20463666,2664615813
Варшавская,Большая кольцевая линия,2023,7518853,7358278,2581190181
Варшавская,Большая кольцевая линия,2024,7902071,7767159,2664616009
Верхние Котлы,Московское центральное кольцо,2021,5523560,5750773,1138976482
Верхние Котлы,Московское центральное кольцо,2022,6151175,6394783,2363398851
Верхние Котлы,Московское центральное кольцо,2023,5958681,6153494,2581189597
Верхние Котлы,Московское центральное кольцо,2024,4008298,4147296,2664615878
Верхние Лихоборы,Люблинско-Дмитровская линия,2021,3912808,3873133,1138976309
Верхние Лихоборы,Люблинско-Дмитровская линия,2022,4444134,4370187,2363398797
Верхние Лихоборы,Люблинско-Дмитровская линия,2023,4723270,4657547,2581188844
Верхние Лихоборы,Люблинско-Дмитровская линия,2024,3570746,3536624,2664615838
Владыкино,Московское центральное кольцо,2021,2421659,3078344,1139050941
Владыкино,Московское центральное кольцо,2022,2641419,3456273,2363426402
Владыкино,Московское центральное кольцо,2023,2557298,3273823,2581190433
Владыкино,Московское центральное кольцо,2024,1857766,2376204,2664648737
Владыкино,Серпуховско-Тимирязевская линия,2021,5083611,5994934,1139049573
Владыкино,Серпуховско-Тимирязевская линия,2022,5453585,6436678,2363398878
Владыкино,Серпуховско-Тимирязевская линия,2023,5669390,6511371,2581188923
Владыкино,Серпуховско-Тимирязевская линия,2024,4300980,4882194,2664615900
Водный стадион,Замоскворецкая линия,2021,12276981,12246986,1138976020
Водный стадион,Замоскворецкая линия,2022,13451934,13429650,2363398722
Водный стадион,Замоскворецкая линия,2023,13901978,13857417,2581188767
Водный стадион,Замоскворецкая линия,2024,10335678,10372444,2664615779
Войковская,Замоскворецкая линия,2021,14931064,15015433,1138976021
Войковская,Замоскворецкая линия,2022,15419251,15555058,2363398723
Войковская,Замоскворецкая линия,2023,15706756,15805398,2581188768
Войковская,Замоскворецкая линия,2024,11827738,11916844,2664615780
Волгоградский проспект,Таганско-Краснопресненская линия,2021,6540208,6738480,1138976195
Волгоградский проспект,Таганско-Краснопресненская линия,2022,7137220,7298630,2363398964
Волгоградский проспект,Таганско-Краснопресненская линия,2023,7289755,7379920,2581189007
Волгоградский проспект,Таганско-Краснопресненская линия,2024,5471251,5583259,2664615974
Волжская,Люблинско-Дмитровская линия,2021,5406791,5537631,1138976405
Волжская,Люблинско-Дмитровская линия,2022,5579190,5660157,2363398815
Волжская,Люблинско-Дмитровская линия,2023,5481877,5536127,2581188863
Волжская,Люблинско-Дмитровская линия,2024,3960021,4008328,2664615854
Волоколамская,Арбатско-Покровская линия,2021,5465398,5379570,1138975997
Волоколамская,Арбатско-Покровская линия,2022,6047857,5890837,2363398662
Волоколамская,Арбатско-Покровская линия,2023,6313462,6124558,2581188696
Волоколамская,Арбатско-Покровская линия,2024,4892520,4742545,2664615731
Воробьёвы горы,Сокольническая линия,2021,2593749,2494384,1139049613
Воробьёвы горы,Сокольническая линия,2022,3317562,3219380,2363398920
Воробьёвы горы,Сокольническая линия,2023,3941024,3815109,2581188965
Воробьёвы горы,Сокольническая линия,2024,3566108,3441233,2664615935
Воронцовская,Большая кольцевая линия,2021,143937,151324,1508957896
Воронцовская,Большая кольцевая линия,2022,2349409,2438889,2363398707
Воронцовская,Большая кольцевая линия,2023,5048277,5258349,2581188741
Воронцовская,Большая кольцевая линия,2024,3843169,4037386,2664615760
Выставочный центр,Московская монорельсовая транспортная система,2021,258251,228795,1139049622
Выставочный центр,Московская монорельсовая транспортная система,2022,298290,259964,2363398824
Выставочный центр,Московская монорельсовая транспортная система,2023,345197,299811,2581188872
Выставочный центр,Московская монорельсовая транспортная система,2024,332075,284596,2664615863
Выхино,Таганско-Краснопресненская линия,2021,20584567,20000460,1138976304
Выхино,Таганско-Краснопресненская линия,2022,21940820,21036328,2363398968
Выхино,Таганско-Краснопресненская линия,2023,22026386,21154246,2581189011
Выхино,Таганско-Краснопресненская линия,2024,16389914,15735125,2664615978
Генерала Тюленева,Троицкая линия,2024,104578,104677,2703957815
Говорово,Солнцевская линия,2021,3899178,3665798,1138976458
Говорово,Солнцевская линия,2022,4427302,4243759,2363398941
Говорово,Солнцевская линия,2023,4376981,4204687,2581188985
Говорово,Солнцевская линия,2024,3123139,3016212,2664615952
Давыдково,Большая кольцевая линия,2021,156097,158951,1508957891
Давыдково,Большая кольцевая линия,2022,3129210,3128971,2363398701
Давыдково,Большая кольцевая линия,2023,4203025,4228865,2581188735
Давыдково,Большая кольцевая линия,2024,3328405,3369079,2664615755
Деловой центр,Большая кольцевая линия,2021,5028890,4913840,1139050961
Деловой центр,Большая кольцевая линия,2022,5402905,5451304,2363420542
Деловой центр,Большая кольцевая линия,2023,4514669,4562345,2581190067
Деловой центр,Большая кольцевая линия,2024,3780361,3793322,2664619842
Деловой центр,Солнцевская линия,2021,3081863,3020587,1139049587
Деловой центр,Солнцевская линия,2022,4650942,4696080,2363398933
Деловой центр,Солнцевская линия,2023,5303511,5348931,2581188977
Деловой центр,Солнцевская линия,2024,4896541,4948267,2664615945
Деловой центр,Филёвская линия,2021,5514730,5496459,1139049790
Деловой центр,Филёвская линия,2022,5508464,5575817,2363398986
Деловой центр,Филёвская линия,2023,5540010,5542231,2581189030
Деловой центр,Филёвская линия,2024,4514206,4499704,2664619584
Динамо,Замоскворецкая линия,2021,8731993,8973284,1138976127
Динамо,Замоскворецкая линия,2022,9564169,9814932,2363398726
Динамо,Замоскворецкая линия,2023,9503864,9658187,2581188771
Динамо,Замоскворецкая линия,2024,7162442,7274513,2664615784
Дмитровская,Серпуховско-Тимирязевская линия,2021,10832337,11038768,1138976334
Дмитровская,Серпуховско-Тимирязевская линия,2022,11336737,11636894,2363398882
Дмитровская,Серпуховско-Тимирязевская линия,2023,11770714,12060625,2581188927
Дмитровская,Серпуховско-Тимирязевская линия,2024,8949130,9178641,2664615902
Добрынинская,Кольцевая линия,2021,6270438,6513168,1138976073
Добрынинская,Кольцевая линия,2022,6765724,7095900,2363398793
Добрынинская,Кольцевая линия,2023,7032930,7401719,2581188839
Добрынинская,Кольцевая линия,2024,5325844,5592927,2664615836
Домодедовская,Замоскворецкая линия,2021,20140008,18725145,1138976147
Домодедовская,Замоскворецкая линия,2022,19489866,17955363,2363398742
Домодедовская,Замоскворецкая линия,2023,15910566,14775714,2581188787
Домодедовская,Замоскворецкая линия,2024,15514936,14525946,2664615799
Достоевская,Люблинско-Дмитровская линия,2021,4074422,4259975,1138976324
Достоевская,Люблинско-Дмитровская линия,2022,4220372,4409776,2363398805
Достоевская,Люблинско-Дмитровская линия,2023,4474857,4649755,2581188851
Достоевская,Люблинско-Дмитровская линия,2024,3295460,3427754,2664615843
Дубровка,Люблинско-Дмитровская линия,2021,5879874,6222406,1139049581
Дубровка,Люблинско-Дмитровская линия,2022,6178612,6538434,2363398811
Дубровка,Люблинско-Дмитровская линия,2023,6210503,6516395,2581188859
Дубровка,Люблинско-Дмитровская линия,2024,4418877,4635689,2664615850
Дубровка,Московское центральное кольцо,2021,3078069,3276944,1139050947
Дубровка,Московское центральное кольцо,2022,3020835,3232668,2363426933
Дубровка,Московское центральное кольцо,2023,2782327,2956948,2581190493
Дубровка,Московское центральное кольцо,2024,1957815,2076799,2664648761
Жулебино,Таганско-Краснопресненская линия,2021,7738251,7457052,1138976308
Жулебино,Таганско-Краснопресненская линия,2022,8539766,8246351,2363398970
Жулебино,Таганско-Краснопресненская линия,2023,8918247,8701492,2581189014
Жулебино,Таганско-Краснопресненская линия,2024,6327980,6190043,2664615981
ЗИЛ,Московское центральное кольцо,2021,2517499,2637265,1138976480
ЗИЛ,Московское центральное кольцо,2022,3190259,3360776,2363398850
ЗИЛ,Московское центральное кольцо,2023,3965705,4168829,2581189596
ЗИЛ,Московское центральное кольцо,2024,2888672,3038862,2664615877
Зорге,Московское центральное кольцо,2021,1591591,1665967,1138976500
Зорге,Московское центральное кольцо,2022,1719459,1807620,2363398860
Зорге,Московское центральное кольцо,2023,1721846,1808444,2581189606
Зорге,Московское центральное кольцо,2024,1289453,1349463,2664615884
Зюзино,Большая кольцевая линия,2021,286405,291437,1508957897
Зюзино,Большая кольцевая линия,2022,5101684,5060879,2363398708
Зюзино,Большая кольцевая линия,2023,7048321,7078222,2581188742
Зюзино,Большая кольцевая линия,2024,5885252,5958880,2664615761
Зябликово,Люблинско-Дмитровская линия,2021,3308969,3316272,1138976359
Зябликово,Люблинско-Дмитровская линия,2022,4569009,4514625,2363398822
Зябликово,Люблинско-Дмитровская линия,2023,6629029,6374976,2581188870
Зябликово,Люблинско-Дмитровская линия,2024,2820999,2721626,2664615860
Измайлово,Московское центральное кольцо,2021,3135657,3422842,1138976492
Измайлово,Московское центральное кольцо,2022,3317579,3606085,2363398839
Измайлово,Московское центральное кольцо,2023,3494902,3728925,2581189586
Измайлово,Московское центральное кольцо,2024,2618701,2778259,2664615871
Измайловская,Арбатско-Покровская линия,2021,5991594,6027631,1138976110
Измайловская,Арбатско-Покровская линия,2022,6283698,6301915,2363398682
Измайловская,Арбатско-Покровская линия,2023,6406813,6440631,2581188717
Измайловская,Арбатско-Покровская линия,2024,4673574,4711289,2664615744
Калужская,Калужско-Рижская линия,2021,11340979,11723863,1138976116
Калужская,Калужско-Рижская линия,2022,10995706,11458510,2363398776
Калужская,Калужско-Рижская линия,2023,8837647,9231265,2581188822
Калужская,Калужско-Рижская линия,2024,6485488,6816291,2664615825
Кантемировская,Замоскворецкая линия,2021,13076052,12980853,1138976142
Кантемировская,Замоскворецкая линия,2022,10361588,10218736,2363398739
Кантемировская,Замоскворецкая линия,2023,6667916,6625590,2581188784
Кантемировская,Замоскворецкая линия,2024,8046170,7991934,2664615796
Каховская,Большая кольцевая линия,2021,234347,247205,1508957898
Каховская,Большая кольцевая линия,2022,5327654,5446728,2363398709
Каховская,Большая кольцевая линия,2023,5893481,6006071,2581188743
Каховская,Большая кольцевая линия,2024,4329419,4488190,2664615762
Каширская,Большая кольцевая линия,2023,8490113,8638590,2581190189
Каширская,Большая кольцевая линия,2024,7914077,8025768,2664619890
Каширская,Замоскворецкая линия,2021,7053783,7186848,1139049541
Каширская,Замоскворецкая линия,2022,7534447,7660620,2363398738
Каширская,Замоскворецкая линия,2023,0,0,2581188783
Каширская,Замоскворецкая линия,2024,0,0,2664615794
Каширская,Каховская линия,2021,0,0,1266159646
Киевская,Арбатско-Покровская линия,2021,15120318,14085077,1139049531
Киевская,Арбатско-Покровская линия,2022,14501806,13317861,2363398672
Киевская,Арбатско-Покровская линия,2023,13793587,12651673,2581188706
Киевская,Арбатско-Покровская линия,2024,9596473,8825114,2664615738
Киевская,Кольцевая линия,2021,12463849,12249943,1139050939
Киевская,Кольцевая линия,2022,12209634,12068887,2363424466
Киевская,Кольцевая линия,2023,12201464,12018994,2581190254
Киевская,Кольцевая линия,2024,9422145,9243569,2664620059
Киевская,Филёвская линия,2021,0,0,1266159640
Киевская,Филёвская линия,2022,0,0,2363487549
Киевская,Филёвская линия,2023,0,0,2581190586
Киевская,Филёвская линия,2024,0,0,2664619921
Китай-город,Калужско-Рижская линия,2021,17622403,18162919,1139049560
Китай-город,Калужско-Рижская линия,2022,19717996,20478267,2363398766
Китай-город,Калужско-Рижская линия,2023,20788783,21543415,2581188813
Китай-город,Калужско-Рижская линия,2024,15886919,16370185,2664615817
Китай-город,Таганско-Краснопресненская линия,2021,0,0,1266159634
Китай-город,Таганско-Краснопресненская линия,2022,0,0,2363487484
Китай-город,Таганско-Краснопресненская линия,2023,0,0,2581190560
Китай-город,Таганско-Краснопресненская линия,2024,0,0,2664619919
Кленовый бульвар,Большая кольцевая линия,2023,2323309,2387689,2581188746
Кленовый бульвар,Большая кольцевая линия,2024,2035312,2102695,2664615763
Кожуховская,Люблинско-Дмитровская линия,2021,7195139,7565943,1138976401
Кожуховская,Люблинско-Дмитровская линия,2022,7596931,7954362,2363398813
Кожуховская,Люблинско-Дмитровская линия,2023,7669912,7949589,2581188860
Кожуховская,Люблинско-Дмитровская линия,2024,5302481,5509249,2664615852
Коломенская,Замоскворецкая линия,2021,15640982,15776300,1138976031
Коломенская,Замоскворецкая линия,2022,14088347,14133126,2363398737
Коломенская,Замоскворецкая линия,2023,8558929,8635824,2581188781
Коломенская,Замоскворецкая линия,2024,10300846,10370485,2664615793
Комсомольская,Кольцевая линия,2021,29241344,24593365,1139050979
Комсомольская,Кольцевая линия,2022,31936434,26431295,2363424810
Комсомольская,Кольцевая линия,2023,32841392,26796257,2581190268
Комсомольская,Кольцевая линия,2024,24514535,19711716,2664620074
Комсомольская,Сокольническая линия,2021,10287800,8479282,1139049545
Комсомольская,Сокольническая линия,2022,11054861,8985124,2363398909
Комсомольская,Сокольническая линия,2023,10415650,8482214,2581188953
Комсомольская,Сокольническая линия,2024,7174885,5762508,2664615925
Коньково,Калужско-Рижская линия,2021,8143297,8102119,1138976247
Коньково,Калужско-Рижская линия,2022,9172567,9131365,2363398778
Коньково,Калужско-Рижская линия,2023,9524440,9478210,2581188824
Коньково,Калужско-Рижская линия,2024,7146147,7131066,2664615827
Коптево,Московское центральное кольцо,2021,4891863,5144926,1138976530
Коптево,Московское центральное кольцо,2022,5306487,5552405,2363398865
Коптево,Московское центральное кольцо,2023,5484341,5734011,2581189610
Коптево,Московское центральное кольцо,2024,4036971,4208924,2664615888
Косино,Некрасовская линия,2021,1253810,1170502,1138976425
Косино,Некрасовская линия,2022,1567037,1465230,2363398870
Косино,Некрасовская линия,2023,1822979,1759371,2581188915
Косино,Некрасовская линия,2024,1400196,1356887,2664615893
Котельники,Таганско-Краснопресненская линия,2021,15735947,14094982,1138976212
Котельники,Таганско-Краснопресненская линия,2022,18498180,16451095,2363398972
Котельники,Таганско-Краснопресненская линия,2023,20081709,18046358,2581189015
Котельники,Таганско-Краснопресненская линия,2024,14957216,13560142,2664615982
Красногвардейская,Замоскворецкая линия,2021,5838636,5823114,1138976037
Красногвардейская,Замоскворецкая линия,2022,5393793,5300244,2363398744
Красногвардейская,Замоскворецкая линия,2023,4494876,4390939,2581188788
Красногвардейская,Замоскворецкая линия,2024,4803951,4646975,2664615800
Краснопресненская,Кольцевая линия,2021,6110785,6268632,1138976196
Краснопресненская,Кольцевая линия,2022,7131019,7300908,2363398783
Краснопресненская,Кольцевая линия,2023,7729277,7905587,2581188829
Краснопресненская,Кольцевая линия,2024,6077178,6145058,2664615831
Красносельская,Сокольническая линия,2021,7041235,7273247,1138976043
Красносельская,Сокольническая линия,2022,7319080,7552264,2363398908
Красносельская,Сокольническая линия,2023,7239456,7457989,2581188952
Красносельская,Сокольническая линия,2024,5308105,5450946,2664615924
Красные ворота,Сокольническая линия,2021,7170078,7402401,1138976162
Красные ворота,Сокольническая линия,2022,8000892,8285122,2363398911
Красные ворота,Сокольническая линия,2023,8362999,8636401,2581188954
Красные ворота,Сокольническая линия,2024,6180289,6383833,2664615926
Крестьянская застава,Люблинско-Дмитровская линия,2021,2265018,2384053,1139049580
Крестьянская застава,Люблинско-Дмитровская линия,2022,2590441,2725205,2363398810
Крестьянская застава,Люблинско-Дмитровская линия,2023,2805069,2940904,2581188857
Крестьянская застава,Люблинско-Дмитровская линия,2024,2050449,2155966,2664615849
Кропоткинская,Сокольническая линия,2021,7536767,7864278,1138976169
Кропоткинская,Сокольническая линия,2022,8083484,8449611,2363398916
Кропоткинская,Сокольническая линия,2023,8318588,8651393,2581188960
Кропоткинская,Сокольническая линия,2024,6464350,6725136,2664615931
Крылатское,Арбатско-Покровская линия,2021,8131488,8014667,1138976000
Крылатское,Арбатско-Покровская линия,2022,8734369,8620296,2363398665
Крылатское,Арбатско-Покровская линия,2023,9251272,9069398,2581188700
Крылатское,Арбатско-Покровская линия,2024,7166244,7053754,2664615734
Крымская,Московское центральное кольцо,2021,3416394,3582327,1138976511
Крымская,Московское центральное кольцо,2022,3580895,3751209,2363398852
Крымская,Московское центральное кольцо,2023,3604117,3779913,2581189599
Крымская,Московское центральное кольцо,2024,2617389,2742655,2664615879
Кузнецкий мост,Таганско-Краснопресненская линия,2021,7318595,7681611,1138976292
Кузнецкий мост,Таганско-Краснопресненская линия,2022,7601920,8067353,2363398960
Кузнецкий мост,Таганско-Краснопресненская линия,2023,7664547,8134114,2581189002
Кузнецкий мост,Таганско-Краснопресненская линия,2024,5602651,5963152,2664615971
Кузьминки,Таганско-Краснопресненская линия,2021,18900552,18886524,1138976301
Кузьминки,Таганско-Краснопресненская линия,2022,19718962,19556004,2363398966
Кузьминки,Таганско-Краснопресненская линия,2023,19393407,19266188,2581189009
Кузьминки,Таганско-Краснопресненская линия,2024,13903674,13916435,2664615976
Кунцевская,Арбатско-Покровская линия,2021,3756246,3802054,1139050920
Кунцевская,Арбатско-Покровская линия,2022,4132858,4198551,2363417021
Кунцевская,Арбатско-Покровская линия,2023,3784943,3811975,2581189785
Кунцевская,Арбатско-Покровская линия,2024,2691146,2711840,2664619602
Кунцевская,Большая кольцевая линия,2021,216524,222245,1508957890
Кунцевская,Большая кольцевая линия,2022,3930809,3902428,2363398700
Кунцевская,Большая кольцевая линия,2023,6638651,6587955,2581188734
Кунцевская,Большая кольцевая линия,2024,5568397,5535148,2664615754
Кунцевская,Филёвская линия,2021,2643588,2588109,1139050945
Кунцевская,Филёвская линия,2022,2247659,2190128,2363644363
Кунцевская,Филёвская линия,2023,2152785,2091475,2581190572
Кунцевская,Филёвская линия,2024,1591477,1550671,2664649019
Курская,Арбатско-Покровская линия,2021,5469314,5518874,1139050918
Курская,Арбатско-Покровская линия,2022,7222286,7454142,2363419465
Курская,Арбатско-Покровская линия,2023,7385829,7651921,2581190036
Курская,Арбатско-Покровская линия,2024,2709667,2793564,2664619820
Курская,Кольцевая линия,2021,15575664,14289139,1139049553
Курская,Кольцевая линия,2022,11515827,10586602,2363398790
Курская,Кольцевая линия,2023,12537169,11477325,2581188835
Курская,Кольцевая линия,2024,15164019,14103343,2664615835
Кутузовская,Московское центральное кольцо,2021,5632371,6173671,1139050950
Кутузовская,Московское центральное кольцо,2022,6080651,6697741,2363487156
Кутузовская,Московское центральное кольцо,2023,6963200,7601922,2581190515
Кутузовская,Московское центральное кольцо,2024,5726582,6157924,2664648956
Кутузовская,Филёвская линия,2021,2318353,2458325,1139049564
Кутузовская,Филёвская линия,2022,2339909,2507618,2363398979
Кутузовская,Филёвская линия,2023,2416721,2584543,2581189022
Кутузовская,Филёвская линия,2024,1867340,2011933,2664615987
Ленинский проспект,Калужско-Рижская линия,2021,11626030,13366155,1138976236
Ленинский проспект,Калужско-Рижская линия,2022,12099681,13979540,2363398771
Ленинский проспект,Калужско-Рижская линия,2023,12386972,14154210,2581188817
Ленинский проспект,Калужско-Рижская линия,2024,9137937,10428660,2664615820
Лермонтовский проспект,Таганско-Краснопресненская линия,2021,6562888,6250184,1138976207
Лермонтовский проспект,Таганско-Краснопресненская линия,2022,6875292,6552956,2363398969
Лермонтовский проспект,Таганско-Краснопресненская линия,2023,6828965,6546299,2581189013
Лермонтовский проспект,Таганско-Краснопресненская линия,2024,4648448,4477136,2664615979
Лесопарковая,Бутовская линия Лёгкого метро,2021,1673660,1610550,1138976295
Лесопарковая,Бутовская линия Лёгкого метро,2022,2262107,2138217,2363398711
Лесопарковая,Бутовская линия Лёгкого метро,2023,2480922,2347669,2581188755
Лесопарковая,Бутовская линия Лёгкого метро,2024,2041896,1949449,2664615769
Лефортово,Большая кольцевая линия,2023,3780359,3862201,2581190087
Лефортово,Большая кольцевая линия,2024,3262323,3352525,2664616006
Лефортово,Некрасовская линия,2021,1830623,1829997,1146103169
Лефортово,Некрасовская линия,2022,2303531,2305433,2363420711
Лианозово,Люблинско-Дмитровская линия,2023,1526338,1473973,2625907500
Лианозово,Люблинско-Дмитровская линия,2024,3986646,3830656,2664616049
Лихоборы,Московское центральное кольцо,2021,3702606,3765707,1138976478
Лихоборы,Московское центральное кольцо,2022,3911984,3970682,2363398830
Лихоборы,Московское центральное кольцо,2023,4183579,4253002,2581189577
Лихоборы,Московское центральное кольцо,2024,3756764,3812509,2664615867
Локомотив,Московское центральное кольцо,2021,3346123,3615620,1138976457
Локомотив,Московское центральное кольцо,2022,3942265,4103485,2363398838
Локомотив,Московское центральное кольцо,2023,3933794,4032177,2581189584
Локомотив,Московское центральное кольцо,2024,2887458,2936627,2664615870
Ломоносовский проспект,Солнцевская линия,2021,4059324,4076039,1138976406
Ломоносовский проспект,Солнцевская линия,2022,4425294,4467144,2363398936
Ломоносовский проспект,Солнцевская линия,2023,4791520,4823399,2581188980
Ломоносовский проспект,Солнцевская линия,2024,3613787,3624401,2664615948
Лубянка,Сокольническая линия,2021,7832419,7948330,1138976166
Лубянка,Сокольническая линия,2022,8798378,9004541,2363398913
Лубянка,Сокольническая линия,2023,9042370,9275872,2581188957
Лубянка,Сокольническая линия,2024,6961943,7118607,2664615928
Лужники,Московское центральное кольцо,2021,3349554,3880372,1138976489
Лужники,Московское центральное кольцо,2022,3288742,3857913,2363398854
Лужники,Московское центральное кольцо,2023,3569898,4097893,2581189601
Лужники,Московское центральное кольцо,2024,2789163,3180832,2664615881
Лухмановская,Некрасовская линия,2021,4742538,4430798,1138976375
Лухмановская,Некрасовская линия,2022,5506328,5181186,2363398872
Лухмановская,Некрасовская линия,2023,6071146,5903610,2581188917
Лухмановская,Некрасовская линия,2024,4906220,4826844,2664615895
Люблино,Люблинско-Дмитровская линия,2021,14290435,13836572,1138976407
Люблино,Люблинско-Дмитровская линия,2022,15178762,14636618,2363398816
Люблино,Люблинско-Дмитровская линия,2023,15136903,14563327,2581188864
Люблино,Люблинско-Дмитровская линия,2024,10663105,10328377,2664615855
Марксистская,Калининская линия,2021,7155322,7483825,1138976321
Марксистская,Калининская линия,2022,7696768,8061871,2363398752
Марксистская,Калининская линия,2023,7719954,8060755,2581188798
Марксистская,Калининская линия,2024,5655303,5909020,2664615808
Марьина Роща,Большая кольцевая линия,2023,2019317,2065247,2581188753
Марьина Роща,Большая кольцевая линия,2024,2101923,2151273,2664615767
Марьина роща,Люблинско-Дмитровская линия,2021,9172471,9424463,1139049579
Марьина роща,Люблинско-Дмитровская линия,2022,9453344,9710695,2363398803
Марьина роща,Люблинско-Дмитровская линия,2023,8652975,8884345,2581190305
Марьина роща,Люблинско-Дмитровская линия,2024,6328554,6517979,2664648721
Марьино,Люблинско-Дмитровская линия,2021,10262185,10183595,1138976411
Марьино,Люблинско-Дмитровская линия,2022,10742939,10617864,2363398819
Марьино,Люблинско-Дмитровская линия,2023,10949525,10764562,2581188867
Марьино,Люблинско-Дмитровская линия,2024,7831903,7729927,2664615857
Маяковская,Замоскворецкая линия,2021,10826291,11166529,1138976130
Маяковская,Замоскворецкая линия,2022,11144608,11621544,2363398729
Маяковская,Замоскворецкая линия,2023,11729927,12191359,2581188774
Маяковская,Замоскворецкая линия,2024,9250849,9612064,2664615786
Медведково,Калужско-Рижская линия,2021,16125563,15607857,1138976215
Медведково,Калужско-Рижская линия,2022,17584805,16934185,2363398755
Медведково,Калужско-Рижская линия,2023,18328678,17588667,2581188801
Медведково,Калужско-Рижская линия,2024,13742276,13234882,2664615809
Менделеевская,Серпуховско-Тимирязевская линия,2021,14304830,15072636,1138976337
Менделеевская,Серпуховско-Тимирязевская линия,2022,9593236,10206351,2363398884
Менделеевская,Серпуховско-Тимирязевская линия,2023,8560800,9083692,2581188929
Менделеевская,Серпуховско-Тимирязевская линия,2024,6239412,6610235,2664615904
Минская,Солнцевская линия,2021,1842660,1888410,1138976404
Минская,Солнцевская линия,2022,2132038,2188193,2363398935
Минская,Солнцевская линия,2023,2557222,2606183,2581188979
Минская,Солнцевская линия,2024,2240868,2259897,2664615947
Митино,Арбатско-Покровская линия,2021,8326934,7833445,1138975996
Митино,Арбатско-Покровская линия,2022,8399765,8043844,2363398661
Митино,Арбатско-Покровская линия,2023,8578844,8219275,2581188695
Митино,Арбатско-Покровская линия,2024,6433995,6173446,2664615730
Мичуринский проспект,Большая кольцевая линия,2021,161433,164256,1508957893
Мичуринский проспект,Большая кольцевая линия,2022,2786965,2801973,2363420999
Мичуринский проспект,Большая кольцевая линия,2023,3790915,3830164,2581190173
Мичуринский проспект,Большая кольцевая линия,2024,3256293,3318122,2664619886
Мичуринский проспект,Солнцевская линия,2021,2587443,2572961,1139049589
Мичуринский проспект,Солнцевская линия,2022,954708,964876,2363398939
Мичуринский проспект,Солнцевская линия,2023,980722,995716,2581188982
Мичуринский проспект,Солнцевская линия,2024,669825,686743,2664615950
Мнёвники,Большая кольцевая линия,2021,259806,258036,1138976397
Мнёвники,Большая кольцевая линия,2022,410640,408436,2363398694
Мнёвники,Большая кольцевая линия,2023,242769,214644,2581188728
Мнёвники,Большая кольцевая линия,2024,186455,166938,2664615751
Молодёжная,Арбатско-Покровская линия,2021,14662329,14437233,1139049528
Молодёжная,Арбатско-Покровская линия,2022,15742333,15541084,2363398666
Молодёжная,Арбатско-Покровская линия,2023,15131314,14881219,2581188701
Молодёжная,Арбатско-Покровская линия,2024,11693525,11526796,2664615735
Москва-Сити,Московское центральное кольцо,2021,4851654,5154253,1139050944
Москва-Сити,Московское центральное кольцо,2022,5314402,5738264,2363487167
Москва-Сити,Московское центральное кольцо,2023,5347266,5764241,2581190522
Москва-Сити,Московское центральное кольцо,2024,4523644,4896733,2664648958
Москва-Сити,Филёвская линия,2021,2212621,2237289,1139049793
Москва-Сити,Филёвская линия,2022,2279711,2362728,2363398985
Москва-Сити,Филёвская линия,2023,2158200,2216184,2581189029
Москва-Сити,Филёвская линия,2024,1802194,1848069,2664616274
Мякинино,Арбатско-Покровская линия,2021,5997557,5716070,1138976083
Мякинино,Арбатско-Покровская линия,2022,5990936,5773732,2363398663
Мякинино,Арбатско-Покровская линия,2023,6213879,5932950,2581188697
Мякинино,Арбатско-Покровская линия,2024,4377888,4190300,2664615732
Нагатинская,Серпуховско-Тимирязевская линия,2021,12851943,13170787,1138976269
Нагатинская,Серпуховско-Тимирязевская линия,2022,14146796,14513256,2363398892
Нагатинская,Серпуховско-Тимирязевская линия,2023,15098371,15315606,2581188937
Нагатинская,Серпуховско-Тимирязевская линия,2024,9635365,9819940,2664615911
Нагатинский Затон,Большая кольцевая линия,2023,1518078,1538643,2581188747
Нагатинский Затон,Большая кольцевая линия,2024,1334294,1352238,2664615764
Нагорная,Серпуховско-Тимирязевская линия,2021,4856942,4948289,1138976271
Нагорная,Серпуховско-Тимирязевская линия,2022,5475226,5615879,2363398893
Нагорная,Серпуховско-Тимирязевская линия,2023,5783240,5909983,2581188938
Нагорная,Серпуховско-Тимирязевская линия,2024,4410406,4503296,2664615912
Народное Ополчение,Большая кольцевая линия,2021,2783610,2718284,1138976442
Народное Ополчение,Большая кольцевая линия,2022,4452307,4428910,2363398692
Народное Ополчение,Большая кольцевая линия,2023,7280957,7255948,2581188727
Народное Ополчение,Большая кольцевая линия,2024,6057829,6047440,2664615750
Нахимовский проспект,Серпуховско-Тимирязевская линия,2021,7220304,7333178,1138976274
Нахимовский проспект,Серпуховско-Тимирязевская линия,2022,7530394,7645684,2363398895
Нахимовский проспект,Серпуховско-Тимирязевская линия,2023,7275705,7370593,2581188939
Нахимовский проспект,Серпуховско-Тимирязевская линия,2024,5053576,5125010,2664615913
Некрасовка,Некрасовская линия,2021,15219848,14230216,1138976430
Некрасовка,Некрасовская линия,2022,17997253,16971545,2363398874
Некрасовка,Некрасовская линия,2023,19608244,19166326,2581188918
Некрасовка,Некрасовская линия,2024,14557042,14308495,2664615896
Нижегородская,Московское центральное кольцо,2021,6069322,6468182,1139050952
Нижегородская,Московское центральное кольцо,2022,7163916,7670023,2363426813
Нижегородская,Московское центральное кольцо,2023,6237050,6713209,2581190482
Нижегородская,Московское центральное кольцо,2024,4038161,4387671,2664648758
Нижегородская,Некрасовская линия,2021,3108411,4083513,1139049583
Нижегородская,Некрасовская линия,2022,4122389,5232119,2363398866
Нижегородская,Некрасовская линия,2023,10100422,11425789,2581188911
Нижегородская,Некрасовская линия,2024,9436246,10402585,2664615889
Новаторская,Большая кольцевая линия,2021,223689,225940,1508957895
Новаторская,Большая кольцевая линия,2022,3789913,3785844,2363398706
Новаторская,Большая кольцевая линия,2023,5010590,5048571,2581188739
Новаторская,Большая кольцевая линия,2024,4096007,4145173,2664615758
Новаторская,Троицкая линия,2024,185303,188139,2703960438
Новогиреево,Калининская линия,2021,21905895,21292732,1138976313
Новогиреево,Калининская линия,2022,23187584,22442771,2363398747
Новогиреево,Калининская линия,2023,23255203,22471172,2581188792
Новогиреево,Калининская линия,2024,16200886,15637965,2664615803
Новокосино,Калининская линия,2021,19045579,18398430,1138976311
Новокосино,Калининская линия,2022,20408881,19671258,2363398746
Новокосино,Калининская линия,2023,20247479,19557470,2581188790
Новокосино,Калининская линия,2024,13913711,13507406,2664615802
Новокузнецкая,Замоскворецкая линия,2021,9446621,9938023,1138976132
Новокузнецкая,Замоскворецкая линия,2022,9768100,10354514,2363398732
Новокузнецкая,Замоскворецкая линия,2023,10088691,10647241,2581188777
Новокузнецкая,Замоскворецкая линия,2024,8124722,8558662,2664615789
Новомосковская,Сокольническая линия,2021,3768393,3706501,1138976063
Новомосковская,Сокольническая линия,2022,4977729,4895554,2363398932
Новомосковская,Сокольническая линия,2023,5706910,5603634,2581188976
Новомосковская,Сокольническая линия,2024,4421521,4343289,2664615944
Новопеределкино,Солнцевская линия,2021,4920213,4704347,1138976463
Новопеределкино,Солнцевская линия,2022,5535593,5296505,2363398945
Новопеределкино,Солнцевская линия,2023,5784317,5506654,2581188988
Новопеределкино,Солнцевская линия,2024,4197334,3999605,2664615955
Новослободская,Кольцевая линия,2021,0,0,1138976067
Новослободская,Кольцевая линия,2022,7343649,7859461,2363398786
Новослободская,Кольцевая линия,2023,9835023,10482360,2581188832
Новослободская,Кольцевая линия,2024,7432836,7914853,2664615832
Новохохловская,Московское центральное кольцо,2021,2331599,2457485,1138976471
Новохохловская,Московское центральное кольцо,2022,2624358,2726536,2363398845
Новохохловская,Московское центральное кольцо,2023,2371713,2442584,2581189592
Новохохловская,Московское центральное кольцо,2024,1660254,1702322,2664615875
Новоясеневская,Калужско-Рижская линия,2021,1994902,1956951,1138976252
Новоясеневская,Калужско-Рижская линия,2022,2191692,2124410,2363398781
Новоясеневская,Калужско-Рижская линия,2023,2266676,2166810,2581188827
Новоясеневская,Калужско-Рижская линия,2024,1679226,1618574,2664615830
Новые Черёмушки,Калужско-Рижская линия,2021,12342591,12659777,1139049591
Новые Черёмушки,Калужско-Рижская линия,2022,12012585,12285619,2363398775
Новые Черёмушки,Калужско-Рижская линия,2023,11794161,11990568,2581188821
Новые Черёмушки,Калужско-Рижская линия,2024,8554359,8720441,2664615824
Озёрная,Солнцевская линия,2021,5369908,5301943,1138976456
Озёрная,Солнцевская линия,2022,5656270,5591345,2363398940
Озёрная,Солнцевская линия,2023,5885592,5814062,2581188984
Озёрная,Солнцевская линия,2024,4590408,4528729,2664615951
Окружная,Люблинско-Дмитровская линия,2021,2002749,1993452,1139049577
Окружная,Люблинско-Дмитровская линия,2022,2318537,2298661,2363398798
Окружная,Люблинско-Дмитровская линия,2023,4032542,4121272,2581188845
Окружная,Люблинско-Дмитровская линия,2024,2736072,2881665,2664615839
Окружная,Московское центральное кольцо,2021,4905724,4989344,1139050955
Окружная,Московское центральное кольцо,2022,5254093,5272631,2363426102
Окружная,Московское центральное кольцо,2023,5080212,5168920,2581190325
Окружная,Московское центральное кольцо,2024,3744888,3821077,2664648733
Окская,Некрасовская линия,2021,1999587,1922107,1138976421
Окская,Некрасовская линия,2022,2379869,2312110,2363398868
Окская,Некрасовская линия,2023,3054804,3112554,2581188913
Окская,Некрасовская линия,2024,2563901,2628450,2664615891
Октябрьская,Калужско-Рижская линия,2021,3886648,4102399,1139049561
Октябрьская,Калужско-Рижская линия,2022,4272248,4522870,2363398768
Октябрьская,Калужско-Рижская линия,2023,4285445,4497166,2581188815
Октябрьская,Калужско-Рижская линия,2024,3323668,3488389,2664615818
Октябрьская,Кольцевая линия,2021,7959052,8261685,1139050953
Октябрьская,Кольцевая линия,2022,8712568,9113168,2363425430
Октябрьская,Кольцевая линия,2023,9045292,9462731,2581190289
Октябрьская,Кольцевая линия,2024,6737709,7031780,2664648710
Октябрьское поле,Таганско-Краснопресненская линия,2021,12892707,13177537,1138976172
Октябрьское поле,Таганско-Краснопресненская линия,2022,13306732,13587588,2363398952
Октябрьское поле,Таганско-Краснопресненская линия,2023,13458773,13698433,2581188996
Октябрьское поле,Таганско-Краснопресненская линия,2024,9846219,10020743,2664615963
Ольховая,Сокольническая линия,2021,2301524,2190664,1138976191
Ольховая,Сокольническая линия,2022,2812410,2669866,2363398931
Ольховая,Сокольническая линия,2023,3311400,3136779,2581188975
Ольховая,Сокольническая линия,2024,2757738,2605260,2664615943
Орехово,Замоскворецкая линия,2021,6238442,6026930,1138976145
Орехово,Замоскворецкая линия,2022,6260741,5979455,2363398741
Орехово,Замоскворецкая линия,2023,5578817,5285891,2581188786
Орехово,Замоскворецкая линия,2024,4560729,4448343,2664615798
Отрадное,Серпуховско-Тимирязевская линия,2021,15543169,15677729,1138976239
Отрадное,Серпуховско-Тимирязевская линия,2022,16118122,16201082,2363398877
Отрадное,Серпуховско-Тимирязевская линия,2023,16304225,16352873,2581188922
Отрадное,Серпуховско-Тимирязевская линия,2024,12175666,12262997,2664615899
Охотный ряд,Сокольническая линия,2021,15011495,14854840,1138976168
Охотный ряд,Сокольническая линия,2022,16051978,15982747,2363398914
Охотный ряд,Сокольническая линия,2023,17201580,16986005,2581188958
Охотный ряд,Сокольническая линия,2024,13782762,13466907,2664615929
Павелецкая,Замоскворецкая линия,2021,11058652,9368425,1139049539
Павелецкая,Замоскворецкая линия,2022,12032541,10243117,2363398733
Павелецкая,Замоскворецкая линия,2023,12284865,10165350,2581188778
Павелецкая,Замоскворецкая линия,2024,8282944,6720958,2664615790
Павелецкая,Кольцевая линия,2021,11897205,12359258,1139050949
Павелецкая,Кольцевая линия,2022,14800583,15377025,2363425349
Павелецкая,Кольцевая линия,2023,16648948,17155732,2581190282
Павелецкая,Кольцевая линия,2024,13635620,14026975,2664620104
Панфиловская,Московское центральное кольцо,2021,2144467,2269732,1138976503
Панфиловская,Московское центральное кольцо,2022,2215213,2354406,2363398861
Панфиловская,Московское центральное кольцо,2023,2233893,2366222,2581189607
Панфиловская,Московское центральное кольцо,2024,1683575,1780184,2664615885
Парк Победы,Арбатско-Покровская линия,2021,5183342,5101860,1139050921
Парк Победы,Арбатско-Покровская линия,2022,5342634,5275003,2363417313
Парк Победы,Арбатско-Покровская линия,2023,5712490,5666498,2581189797
Парк Победы,Арбатско-Покровская линия,2024,4809720,4655710,2664619608
Парк Победы,Солнцевская линия,2021,1034180,1074332,1139049588
Парк Победы,Солнцевская линия,2022,1413248,1480785,2363398934
Парк Победы,Солнцевская линия,2023,1329143,1364697,2581188978
Парк Победы,Солнцевская линия,2024,1097812,1120641,2664615946
Парк культуры,Кольцевая линия,2021,12381482,12873746,1139050956
Парк культуры,Кольцевая линия,2022,11824792,12374338,2363425626
Парк культуры,Кольцевая линия,2023,12330605,12863060,2581190297
Парк культуры,Кольцевая линия,2024,8819981,9234393,2664648715
Парк культуры,Сокольническая линия,2021,1947489,2010496,1139049546
Парк культуры,Сокольническая линия,2022,2210461,2334781,2363398917
Парк культуры,Сокольническая линия,2023,2400885,2529832,2581188961
Парк культуры,Сокольническая линия,2024,1892831,2001698,2664615932
Партизанская,Арбатско-Покровская линия,2021,5726921,5640295,1138976108
Партизанская,Арбатско-Покровская линия,2022,6501245,6278535,2363398680
Партизанская,Арбатско-Покровская линия,2023,6966405,6619004,2581188715
Партизанская,Арбатско-Покровская линия,2024,5304183,4958744,2664615743
Первомайская,Арбатско-Покровская линия,2021,11009600,10996163,1138976015
Первомайская,Арбатско-Покровская линия,2022,11767702,11686504,2363398683
Первомайская,Арбатско-Покровская линия,2023,11786617,11664820,2581188718
Первомайская,Арбатско-Покровская линия,2024,8506844,8422561,2664615745
Перово,Калининская линия,2021,13011395,12936906,1138976315
Перово,Калининская линия,2022,13533333,13414420,2363398748
Перово,Калининская линия,2023,13494043,13354046,2581188793
Перово,Калининская линия,2024,9628290,9540045,2664615804
Петровский парк,Большая кольцевая линия,2021,3234882,3294013,1138976383
Петровский парк,Большая кольцевая линия,2022,3766864,3904384,2363420043
Петровский парк,Большая кольцевая линия,2023,5557583,5773333,2581190054
Петровский парк,Большая кольцевая линия,2024,4690803,4881625,2664616002
Петровско-Разумовская,Люблинско-Дмитровская линия,2021,7348325,7278741,1139049578
Петровско-Разумовская,Люблинско-Дмитровская линия,2022,7323484,7132895,2363398800
Петровско-Разумовская,Люблинско-Дмитровская линия,2023,7576642,7222658,2581188846
Петровско-Разумовская,Люблинско-Дмитровская линия,2024,5590424,5369187,2664615840
Петровско-Разумовская,Серпуховско-Тимирязевская линия,2021,0,0,1266159596
Петровско-Разумовская,Серпуховско-Тимирязевская линия,2022,0,0,2363487177
Петровско-Разумовская,Серпуховско-Тимирязевская линия,2023,0,0,2581190534
Петровско-Разумовская,Серпуховско-Тимирязевская линия,2024,0,0,2664619916
Печатники,Большая кольцевая линия,2023,812444,818316,2581190194
Печатники,Большая кольцевая линия,2024,760758,770167,2664619893
Печатники,Люблинско-Дмитровская линия,2021,6454740,6519697,1139049582
Печатники,Люблинско-Дмитровская линия,2022,7179980,7202874,2363398814
Печатники,Люблинско-Дмитровская линия,2023,7743984,7715705,2581188862
Печатники,Люблинско-Дмитровская линия,2024,5525860,5525111,2664615853
Пионерская,Филёвская линия,2021,1784205,1726600,1138976255
Пионерская,Филёвская линия,2022,2035872,1967028,2363398975
Пионерская,Филёвская линия,2023,2073976,1994446,2581189017
Пионерская,Филёвская линия,2024,1505746,1451431,2664615983
Планерная,Таганско-Краснопресненская линия,2021,13407211,12876204,1138976160
Планерная,Таганско-Краснопресненская линия,2022,14043049,13499799,2363398947
Планерная,Таганско-Краснопресненская линия,2023,14137791,13586983,2581188990
Планерная,Таганско-Краснопресненская линия,2024,10183813,9828010,2664615957
Площадь Гагарина,Московское центральное кольцо,2021,4285836,5235948,1138976487
Площадь Гагарина,Московское центральное кольцо,2022,4259073,5296229,2363398853
Площадь Гагарина,Московское центральное кольцо,2023,4393182,5337055,2581189600
Площадь Гагарина,Московское центральное кольцо,2024,3350485,4047184,2664615880
Площадь Ильича,Калининская линия,2021,7313821,7377850,1138976320
Площадь Ильича,Калининская линия,2022,6396856,6443015,2363398751
Площадь Ильича,Калининская линия,2023,6796578,6848633,2581188797
Площадь Ильича,Калининская линия,2024,4915863,4956925,2664615806
Площадь Революции,Арбатско-Покровская линия,2021,10837027,10809966,1138976008
Площадь Революции,Арбатско-Покровская линия,2022,12132646,12076898,2363398675
Площадь Революции,Арбатско-Покровская линия,2023,11806022,11765169,2581188710
Площадь Революции,Арбатско-Покровская линия,2024,8980580,8895207,2664615739
Полежаевская,Таганско-Краснопресненская линия,2021,10389641,10632563,1138976284
Полежаевская,Таганско-Краснопресненская линия,2022,10296520,10557428,2363398954
Полежаевская,Таганско-Краснопресненская линия,2023,9596983,9792548,2581188997
Полежаевская,Таганско-Краснопресненская линия,2024,7102569,7276696,2664615964
Полянка,Серпуховско-Тимирязевская линия,2021,4819629,5059719,1138976261
Полянка,Серпуховско-Тимирязевская линия,2022,5388262,5702273,2363398888
Полянка,Серпуховско-Тимирязевская линия,2023,5652387,5945473,2581188933
Полянка,Серпуховско-Тимирязевская линия,2024,4238632,4475084,2664615908
Потапово,Сокольническая линия,2024,361059,357992,2703957812
Пражская,Серпуховско-Тимирязевская линия,2021,15373264,15384986,1138976283
Пражская,Серпуховско-Тимирязевская линия,2022,16550026,16579390,2363398899
Пражская,Серпуховско-Тимирязевская линия,2023,17700517,17622771,2581188943
Пражская,Серпуховско-Тимирязевская линия,2024,12111874,12108838,2664615917
Преображенская площадь,Сокольническая линия,2021,14010863,14259953,1138976041
Преображенская площадь,Сокольническая линия,2022,14499093,14711093,2363398905
Преображенская площадь,Сокольническая линия,2023,14668944,14831030,2581188950
Преображенская площадь,Сокольническая линия,2024,10831931,10964496,2664615923
Прокшино,Сокольническая линия,2021,1174497,1132914,1138976061
Прокшино,Сокольническая линия,2022,2169241,2109661,2363398930
Прокшино,Сокольническая линия,2023,2579544,2517796,2581188974
Прокшино,Сокольническая линия,2024,2114510,2073199,2664615942
Пролетарская,Таганско-Краснопресненская линия,2021,10032432,10200477,1138976296
Пролетарская,Таганско-Краснопресненская линия,2022,10468505,10630721,2363398963
Пролетарская,Таганско-Краснопресненская линия,2023,10824649,10961714,2581189006
Пролетарская,Таганско-Краснопресненская линия,2024,7962434,8090397,2664615973
Проспект Вернадского,Большая кольцевая линия,2021,97296,99593,1508957894
Проспект Вернадского,Большая кольцевая линия,2022,1689153,1741750,2363398704
Проспект Вернадского,Большая кольцевая линия,2023,2668736,2733019,2581188738
Проспект Вернадского,Большая кольцевая линия,2024,2257669,2357176,2664615757
Проспект Вернадского,Сокольническая линия,2021,8525242,8536951,1139050926
Проспект Вернадского,Сокольническая линия,2022,8922747,8994822,2363487279
Проспект Вернадского,Сокольническая линия,2023,8549799,8611414,2581190555
Проспект Вернадского,Сокольническая линия,2024,5869072,5956519,2664648998
Проспект Мира,Калужско-Рижская линия,2021,7889459,8225371,1139050959
Проспект Мира,Калужско-Рижская линия,2022,7556921,7876818,2363423945
Проспект Мира,Калужско-Рижская линия,2023,7287082,7546037,2581190245
Проспект Мира,Калужско-Рижская линия,2024,5487055,5704945,2664620024
Проспект Мира,Кольцевая линия,2021,7932825,8218837,1139049552
Проспект Мира,Кольцевая линия,2022,8188272,8492076,2363398787
Проспект Мира,Кольцевая линия,2023,7805470,8065995,2581188833
Проспект Мира,Кольцевая линия,2024,5880581,6089343,2664615833
Профсоюзная,Калужско-Рижская линия,2021,10190174,10456533,1138976111
Профсоюзная,Калужско-Рижская линия,2022,10306958,10568894,2363398773
Профсоюзная,Калужско-Рижская линия,2023,10681335,10921533,2581188819
Профсоюзная,Калужско-Рижская линия,2024,7781953,7988100,2664615823
Пушкинская,Таганско-Краснопресненская линия,2021,14099954,14609218,1138976290
Пушкинская,Таганско-Краснопресненская линия,2022,14884386,15650036,2363398959
Пушкинская,Таганско-Краснопресненская линия,2023,15434047,16203933,2581189001
Пушкинская,Таганско-Краснопресненская линия,2024,11323966,11863806,2664615970
Пыхтино,Солнцевская линия,2023,1062711,999090,2630091658
Пыхтино,Солнцевская линия,2024,2531170,2372030,2664616046
Пятницкое шоссе,Арбатско-Покровская линия,2021,5810225,5527313,1138976078
Пятницкое шоссе,Арбатско-Покровская линия,2022,6196749,5843855,2363398660
Пятницкое шоссе,Арбатско-Покровская линия,2023,6363317,5998833,2581188693
Пятницкое шоссе,Арбатско-Покровская линия,2024,4618693,4378414,2664615729
Раменки,Солнцевская линия,2021,5384861,5289799,1138976453
Раменки,Солнцевская линия,2022,5893831,5853296,2363398937
Раменки,Солнцевская линия,2023,6232851,6169659,2581188981
Раменки,Солнцевская линия,2024,4839131,4793396,2664615949
Рассказовка,Солнцевская линия,2021,6051394,5652887,1138976465
Рассказовка,Солнцевская линия,2022,7236901,6856568,2363398946
Рассказовка,Солнцевская линия,2023,7495010,7134070,2581188989
Рассказовка,Солнцевская линия,2024,4728017,4527002,2664615956
Речной вокзал,Замоскворецкая линия,2021,8879864,8655623,1138976019
Речной вокзал,Замоскворецкая линия,2022,9241144,9011524,2363398721
Речной вокзал,Замоскворецкая линия,2023,9289578,9042081,2581188766
Речной вокзал,Замоскворецкая линия,2024,6898647,6710441,2664615778
Рижская,Большая кольцевая линия,2023,1845762,1921331,2581188752
Рижская,Большая кольцевая линия,2024,1941672,2024132,2664615766
Рижская,Калужско-Рижская линия,2021,0,0,1138976089
Рижская,Калужско-Рижская линия,2022,2684924,2715793,2363423819
Рижская,Калужско-Рижская линия,2023,4160593,4231866,2581190234
Рижская,Калужско-Рижская линия,2024,3095142,3146800,2664619995
Римская,Люблинско-Дмитровская линия,2021,5897362,5997793,1138976396
Римская,Люблинско-Дмитровская линия,2022,6347497,6421320,2363398809
Римская,Люблинско-Дмитровская линия,2023,5999377,6110725,2581188856
Римская,Люблинско-Дмитровская линия,2024,4293367,4381581,2664615848
Ростокино,Московское центральное кольцо,2021,9897148,10019012,1138976485
Ростокино,Московское центральное кольцо,2022,10773280,10843578,2363398835
Ростокино,Московское центральное кольцо,2023,10870028,10885559,2581189581
Ростокино,Московское центральное кольцо,2024,8319792,8332389,2664615868
Румянцево,Сокольническая линия,2021,3299231,3308858,1138976184
Румянцево,Сокольническая линия,2022,3600087,3630428,2363398927
Румянцево,Сокольническая линия,2023,3929218,3951380,2581188970
Румянцево,Сокольническая линия,2024,3117194,3133275,2664615939
Рязанский проспект,Таганско-Краснопресненская линия,2021,10419037,10498484,1138976202
Рязанский проспект,Таганско-Краснопресненская линия,2022,11096972,11101761,2363398967
Рязанский проспект,Таганско-Краснопресненская линия,2023,10491885,10504775,2581189010
Рязанский проспект,Таганско-Краснопресненская линия,2024,7272005,7332991,2664615977
Савёловская,Большая кольцевая линия,2021,2304962,2271087,1139050964
Савёловская,Большая кольцевая линия,2022,3909155,3962216,2363419559
Савёловская,Большая кольцевая линия,2023,6467646,6578569,2581190042
Савёловская,Большая кольцевая линия,2024,5302606,5406725,2664619829
Савёловская,Серпуховско-Тимирязевская линия,2021,12900916,12988353,1139049612
Савёловская,Серпуховско-Тимирязевская линия,2022,14492661,14424800,2363398883
Савёловская,Серпуховско-Тимирязевская линия,2023,12046066,11852302,2581188928
Савёловская,Серпуховско-Тимирязевская линия,2024,8357293,8219619,2664615903
Саларьево,Сокольническая линия,2021,12273486,10894483,1138976186
Саларьево,Сокольническая линия,2022,14010340,12592885,2363398928
Саларьево,Сокольническая линия,2023,14689349,13474982,2581188971
Саларьево,Сокольническая линия,2024,10511450,9747414,2664615940
Свиблово,Калужско-Рижская линия,2021,7572689,7624389,1138976079
Свиблово,Калужско-Рижская линия,2022,8020157,8040185,2363398757
Свиблово,Калужско-Рижская линия,2023,8287124,8279926,2581188804
Свиблово,Калужско-Рижская линия,2024,6070060,6068503,2664615811
Севастопольская,Серпуховско-Тимирязевская линия,2021,7897860,8002330,1138976276
Севастопольская,Серпуховско-Тимирязевская линия,2022,3914937,4020816,2363398896
Севастопольская,Серпуховско-Тимирязевская линия,2023,3182712,3297085,2581188940
Севастопольская,Серпуховско-Тимирязевская линия,2024,2049454,2121016,2664615914
Селигерская,Люблинско-Дмитровская линия,2021,12662691,12467662,1138976307
Селигерская,Люблинско-Дмитровская линия,2022,14722760,14386684,2363398796
Селигерская,Люблинско-Дмитровская линия,2023,13545263,13181361,2581188843
Селигерская,Люблинско-Дмитровская линия,2024,7648732,7481400,2664615837
Семёновская,Арбатско-Покровская линия,2021,9633053,9937736,1139049537
Семёновская,Арбатско-Покровская линия,2022,10153891,10466997,2363398679
Семёновская,Арбатско-Покровская линия,2023,10163888,10453787,2581188714
Семёновская,Арбатско-Покровская линия,2024,7608224,7833294,2664615742
Серпуховская,Серпуховско-Тимирязевская линия,2021,6217285,6486595,1138976264
Серпуховская,Серпуховско-Тимирязевская линия,2022,6895337,7301732,2363398889
Серпуховская,Серпуховско-Тимирязевская линия,2023,7515988,7966260,2581188934
Серпуховская,Серпуховско-Тимирязевская линия,2024,5464513,5780223,2664615909
Славянский бульвар,Арбатско-Покровская линия,2021,19046898,18767268,1138976092
Славянский бульвар,Арбатско-Покровская линия,2022,18958045,18552302,2363398669
Славянский бульвар,Арбатско-Покровская линия,2023,18884864,18349553,2581188703
Славянский бульвар,Арбатско-Покровская линия,2024,13986400,13504507,2664615737
Смоленская,Арбатско-Покровская линия,2021,1968177,2052477,1139050924
Смоленская,Арбатско-Покровская линия,2022,8640539,9044333,2363419180
Смоленская,Арбатско-Покровская линия,2023,9596187,9986361,2581190018
Смоленская,Арбатско-Покровская линия,2024,7563829,7844426,2664619617
Смоленская,Филёвская линия,2021,4945436,5061147,1139049565
Смоленская,Филёвская линия,2022,2951747,3042328,2363644369
Смоленская,Филёвская линия,2023,2978860,3049723,2581189026
Смоленская,Филёвская линия,2024,2261540,2310478,2664615989
Сокол,Замоскворецкая линия,2021,11002174,11175693,1138976124
Сокол,Замоскворецкая линия,2022,11580382,11777909,2363398724
Сокол,Замоскворецкая линия,2023,12037295,12205429,2581188769
Сокол,Замоскворецкая линия,2024,9060567,9174019,2664615781
Соколиная Гора,Московское центральное кольцо,2021,2046155,2160622,1139049635
Соколиная Гора,Московское центральное кольцо,2022,2126701,2247131,2363398840
Соколиная Гора,Московское центральное кольцо,2023,2258589,2392470,2581189587
Соколиная Гора,Московское центральное кольцо,2024,1687045,1779511,2664615872
Сокольники,Большая кольцевая линия,2023,4911874,5133959,2581188751
Сокольники,Большая кольцевая линия,2024,5128983,5355264,2664615765
Сокольники,Сокольническая линия,2021,8662616,8792518,1139050923
Сокольники,Сокольническая линия,2022,9132288,9273835,2363487202
Сокольники,Сокольническая линия,2023,6303488,6361239,2581190542
Сокольники,Сокольническая линия,2024,4133919,4150443,2664648992
Солнцево,Солнцевская линия,2021,5025272,4810795,1138976460
Солнцево,Солнцевская линия,2022,5953674,5726907,2363398943
Солнцево,Солнцевская линия,2023,6499672,6263527,2581188986
Солнцево,Солнцевская линия,2024,5195201,5026879,2664615953
Спартак,Таганско-Краснопресненская линия,2021,1174604,1134670,1138976279
Спартак,Таганско-Краснопресненская линия,2022,1725049,1691803,2363398950
Спартак,Таганско-Краснопресненская линия,2023,2280943,2230586,2581188994
Спартак,Таганско-Краснопресненская линия,2024,2095674,2054147,2664615961
Спортивная,Сокольническая линия,2021,6109252,6782543,1138976052
Спортивная,Сокольническая линия,2022,6784838,7506432,2363398919
Спортивная,Сокольническая линия,2023,7465483,8154794,2581188964
Спортивная,Сокольническая линия,2024,5781873,6303246,2664615934
Сретенский бульвар,Люблинско-Дмитровская линия,2021,2900943,3072727,1139049594
Сретенский бульвар,Люблинско-Дмитровская линия,2022,2821106,3012355,2363398807
Сретенский бульвар,Люблинско-Дмитровская линия,2023,2771350,2954035,2581188853
Сретенский бульвар,Люблинско-Дмитровская линия,2024,2038202,2191950,2664615845
Стахановская,Некрасовская линия,2021,1872964,1708052,1138976419
Стахановская,Некрасовская линия,2022,2303014,2072929,2363398867
Стахановская,Некрасовская линия,2023,2708738,2752569,2581188912
Стахановская,Некрасовская линия,2024,2162902,2234297,2664615890
Стрешнево,Московское центральное кольцо,2021,5007161,5216297,1138976527
Стрешнево,Московское центральное кольцо,2022,5399470,5578245,2363398862
Стрешнево,Московское центральное кольцо,2023,5697759,5861409,2581189608
Стрешнево,Московское центральное кольцо,2024,4589538,4687520,2664615886
Строгино,Арбатско-Покровская линия,2021,8798354,8672522,1138975999
Строгино,Арбатско-Покровская линия,2022,10056571,9934381,2363398664
Строгино,Арбатско-Покровская линия,2023,10088312,9881484,2581188698
Строгино,Арбатско-Покровская линия,2024,7476453,7288675,2664615733
Студенческая,Филёвская линия,2021,1948398,2000047,1138976263
Студенческая,Филёвская линия,2022,2146996,2210382,2363398980
Студенческая,Филёвская линия,2023,2176558,2204011,2581189024
Студенческая,Филёвская линия,2024,1538652,1541095,2664615988
Сухаревская,Калужско-Рижская линия,2021,6275397,6576120,1138976228
Сухаревская,Калужско-Рижская линия,2022,6740034,7132660,2363398764
Сухаревская,Калужско-Рижская линия,2023,6990666,7377960,2581188811
Сухаревская,Калужско-Рижская линия,2024,5185749,5466191,2664615815
Сходненская,Таганско-Краснопресненская линия,2021,15621300,15418067,1138976163
Сходненская,Таганско-Краснопресненская линия,2022,16490215,16207876,2363398948
Сходненская,Таганско-Краснопресненская линия,2023,16788800,16442036,2581188991
Сходненская,Таганско-Краснопресненская линия,2024,12410653,12182320,2664615958
Таганская,Кольцевая линия,2021,8204662,8487807,1139050946
Таганская,Кольцевая линия,2022,8850316,9192078,2363424989
Таганская,Кольцевая линия,2023,8879033,9204126,2581190278
Таганская,Кольцевая линия,2024,6601222,6874613,2664620085
Таганская,Таганско-Краснопресненская линия,2021,4349475,4480348,1139049568
Таганская,Таганско-Краснопресненская линия,2022,4708273,4890531,2363398962
Таганская,Таганско-Краснопресненская линия,2023,5001514,5165538,2581189005
Таганская,Таганско-Краснопресненская линия,2024,3560157,3683196,2664615972
Тверская,Замоскворецкая линия,2021,0,0,1508957899
Тверская,Замоскворецкая линия,2022,0,0,2363398730
Тверская,Замоскворецкая линия,2023,0,0,2581188775
Тверская,Замоскворецкая линия,2024,0,0,2664615787
Театральная,Замоскворецкая линия,2021,0,0,1508957901
Театральная,Замоскворецкая линия,2022,0,0,2363398731
Театральная,Замоскворецкая линия,2023,0,0,2581188776
Театральная,Замоскворецкая линия,2024,0,0,2664615788
Текстильщики,Большая кольцевая линия,2023,4708194,5583174,2581190203
Текстильщики,Большая кольцевая линия,2024,4132373,5061485,2664619898
Текстильщики,Таганско-Краснопресненская линия,2021,17723603,17706125,1139049569
Текстильщики,Таганско-Краснопресненская линия,2022,19021869,18831723,2363398965
Текстильщики,Таганско-Краснопресненская линия,2023,18913897,19580975,2581189008
Текстильщики,Таганско-Краснопресненская линия,2024,12555407,13512221,2664615975
Телецентр,Московская монорельсовая транспортная система,2021,97747,90848,1138976472
Телецентр,Московская монорельсовая транспортная система,2022,109927,99868,2363398826
Телецентр,Московская монорельсовая транспортная система,2023,124982,110631,2581188874
Телецентр,Московская монорельсовая транспортная система,2024,113418,98380,2664615865
Терехово,Большая кольцевая линия,2021,33174,35602,1508957889
Терехово,Большая кольцевая линия,2022,1079309,1150838,2363398698
Терехово,Большая кольцевая линия,2023,1914780,2035392,2581188733
Терехово,Большая кольцевая линия,2024,1757212,1884119,2664615753
Технопарк,Замоскворецкая линия,2021,5390176,5441234,1138976030
Технопарк,Замоскворецкая линия,2022,5320713,5386694,2363398735
Технопарк,Замоскворецкая линия,2023,4612277,4658085,2581188780
Технопарк,Замоскворецкая линия,2024,5666053,5722615,2664615792
Тимирязевская,Московская монорельсовая транспортная система,2021,204886,178227,1139050929
Тимирязевская,Московская монорельсовая транспортная система,2022,218875,182132,2363425920
Тимирязевская,Московская монорельсовая транспортная система,2023,229071,190477,2581190315
Тимирязевская,Московская монорельсовая транспортная система,2024,215003,176594,2664648728
Тимирязевская,Серпуховско-Тимирязевская линия,2021,6750500,6639568,1139049574
Тимирязевская,Серпуховско-Тимирязевская линия,2022,6859979,6729168,2363398881
Тимирязевская,Серпуховско-Тимирязевская линия,2023,6917926,6822679,2581188925
Тимирязевская,Серпуховско-Тимирязевская линия,2024,6108541,6041352,2664615901
Третьяковская,Калининская линия,2021,8317629,8761049,1139050968
Третьяковская,Калининская линия,2022,9580667,10087759,2363422306
Третьяковская,Калининская линия,2023,10150404,10656618,2581190222
Третьяковская,Калининская линия,2024,7725818,8131217,2664619908
Третьяковская,Калужско-Рижская линия,2021,0,0,1266159627
Третьяковская,Калужско-Рижская линия,2022,0,0,2363424352
Третьяковская,Калужско-Рижская линия,2023,0,0,2581190248
Третьяковская,Калужско-Рижская линия,2024,0,0,2664619913
Тропарёво,Сокольническая линия,2021,5405866,5313644,1139049616
Тропарёво,Сокольническая линия,2022,6200337,6077031,2363398926
Тропарёво,Сокольническая линия,2023,6524165,6424634,2581188969
Тропарёво,Сокольническая линия,2024,4792074,4724664,2664615938
Трубная,Люблинско-Дмитровская линия,2021,4764734,4967803,1138976326
Трубная,Люблинско-Дмитровская линия,2022,5412938,5727142,2363398806
Трубная,Люблинско-Дмитровская линия,2023,5786200,6124962,2581188852
Трубная,Люблинско-Дмитровская линия,2024,4622686,4901755,2664615844
Тульская,Серпуховско-Тимирязевская линия,2021,11154325,11529730,1138976347
Тульская,Серпуховско-Тимирязевская линия,2022,10937844,11410877,2363398890
Тульская,Серпуховско-Тимирязевская линия,2023,10960973,11421479,2581188935
Тульская,Серпуховско-Тимирязевская линия,2024,8692198,8990810,2664615910
Тургеневская,Калужско-Рижская линия,2021,5581666,5854932,1138976096
Тургеневская,Калужско-Рижская линия,2022,6158159,6538942,2363398765
Тургеневская,Калужско-Рижская линия,2023,6816104,7223834,2581188812
Тургеневская,Калужско-Рижская линия,2024,5121136,5431999,2664615816
Тушинская,Таганско-Краснопресненская линия,2021,15244667,14717016,1138976165
Тушинская,Таганско-Краснопресненская линия,2022,15405967,14728525,2363398949
Тушинская,Таганско-Краснопресненская линия,2023,15435382,14762046,2581188993
Тушинская,Таганско-Краснопресненская линия,2024,11275985,10800630,2664615959
Тютчевская,Троицкая линия,2024,62792,61605,2703957816
Тёплый стан,Калужско-Рижская линия,2021,18513086,18219142,1139049592
Тёплый стан,Калужско-Рижская линия,2022,20593426,20152585,2363398779
Тёплый стан,Калужско-Рижская линия,2023,20982220,20529676,2581188825
Тёплый стан,Калужско-Рижская линия,2024,15625757,15360010,2664615828
Угрешская,Московское центральное кольцо,2021,1551371,1676187,1138976473
Угрешская,Московское центральное кольцо,2022,1779834,1898342,2363398846
Угрешская,Московское центральное кольцо,2023,1808796,1914349,2581189593
Угрешская,Московское центральное кольцо,2024,1337185,1413450,2664615876
Улица 1905 года,Таганско-Краснопресненская линия,2021,13719708,14276896,1138976287
Улица 1905 года,Таганско-Краснопресненская линия,2022,14591464,15262015,2363398956
Улица 1905 года,Таганско-Краснопресненская линия,2023,14707562,15320910,2581188999
Улица 1905 года,Таганско-Краснопресненская линия,2024,11049217,11513503,2664615967
Улица Академика Королёва,Московская монорельсовая транспортная система,2021,60861,56150,1139049624
Улица Академика Королёва,Московская монорельсовая транспортная система,2022,55128,50564,2363398825
Улица Академика Королёва,Московская монорельсовая транспортная система,2023,53082,47311,2581188873
Улица Академика Королёва,Московская монорельсовая транспортная система,2024,47865,42230,2664615864
Улица Горчакова,Бутовская линия Лёгкого метро,2021,2894388,2857134,1138976302
Улица Горчакова,Бутовская линия Лёгкого метро,2022,3191641,3121200,2363398716
Улица Горчакова,Бутовская линия Лёгкого метро,2023,3293199,3215024,2581188760
Улица Горчакова,Бутовская линия Лёгкого метро,2024,2429368,2378581,2664615774
Улица Милашенкова,Московская монорельсовая транспортная система,2021,68586,64369,1138976436
Улица Милашенкова,Московская монорельсовая транспортная система,2022,69955,63249,2363398828
Улица Милашенкова,Московская монорельсовая транспортная система,2023,70689,63854,2581188875
Улица Милашенкова,Московская монорельсовая транспортная система,2024,57073,50336,2664615866
Улица Сергея Эйзенштейна,Московская монорельсовая транспортная система,2021,74614,64468,1139049625
Улица Сергея Эйзенштейна,Московская монорельсовая транспортная система,2022,76084,63697,2363398823
Улица Сергея Эйзенштейна,Московская монорельсовая транспортная система,2023,77525,67121,2581188871
Улица Сергея Эйзенштейна,Московская монорельсовая транспортная система,2024,71470,62160,2664615862
Улица Скобелевская,Бутовская линия Лёгкого метро,2021,9313260,4446915,1138976298
Улица Скобелевская,Бутовская линия Лёгкого метро,2022,6248920,6014908,2363398714
Улица Скобелевская,Бутовская линия Лёгкого метро,2023,6603298,6314555,2581188758
Улица Скобелевская,Бутовская линия Лёгкого метро,2024,4943599,4730077,2664615771
Улица Старокачаловская,Бутовская линия Лёгкого метро,2021,1520737,1471075,1508957906
Улица Старокачаловская,Бутовская линия Лёгкого метро,2022,0,0,2363398712
Улица Старокачаловская,Бутовская линия Лёгкого метро,2023,0,0,2581188757
Улица Старокачаловская,Бутовская линия Лёгкого метро,2024,0,0,2664615770
Улица академика Янгеля,Серпуховско-Тимирязевская линия,2021,8341800,8110172,1139049575
Улица академика Янгеля,Серпуховско-Тимирязевская линия,2022,9087410,8861012,2363398900
Улица академика Янгеля,Серпуховско-Тимирязевская линия,2023,9476398,9232587,2581188944
Улица академика Янгеля,Серпуховско-Тимирязевская линия,2024,6951847,6797562,2664615918
Университет,Сокольническая линия,2021,9377185,9563310,1138976054
Университет,Сокольническая линия,2022,10376894,10532454,2363398921
Университет,Сокольническая линия,2023,11126229,11292360,2581188966
Университет,Сокольническая линия,2024,8087709,8196637,2664615936
Университет Дружбы Народов,Троицкая линия,2024,241900,256348,2703957814
Физтех,Люблинско-Дмитровская линия,2023,1150836,1103261,2625907501
Физтех,Люблинско-Дмитровская линия,2024,2928618,2787348,2664616050
Филатов луг,Сокольническая линия,2021,2389989,2287292,1138976060
Филатов луг,Сокольническая линия,2022,4481238,4318308,2363398929
Филатов луг,Сокольническая линия,2023,6322662,6121145,2581188972
Филатов луг,Сокольническая линия,2024,5404499,5264565,2664615941
Фили,Филёвская линия,2021,5692027,5720412,1138976141
Фили,Филёвская линия,2022,5865850,5882189,2363398978
Фили,Филёвская линия,2023,6027466,6012660,2581189020
Фили,Филёвская линия,2024,4781108,4771717,2664615986
Филёвский парк,Филёвская линия,2021,2839039,2792485,1139049621
Филёвский парк,Филёвская линия,2022,3010825,2940302,2363398976
Филёвский парк,Филёвская линия,2023,3089290,2990370,2581189018
Филёвский парк,Филёвская линия,2024,2415596,2326439,2664615984
Фонвизинская,Люблинско-Дмитровская линия,2021,4484401,4448916,1138976317
Фонвизинская,Люблинско-Дмитровская линия,2022,4846306,4811944,2363398801
Фонвизинская,Люблинско-Дмитровская линия,2023,4948575,4909316,2581188848
Фонвизинская,Люблинско-Дмитровская линия,2024,3505921,3486635,2664615841
Фрунзенская,Сокольническая линия,2021,8175049,8619006,1138976173
Фрунзенская,Сокольническая линия,2022,8718072,9204797,2363398918
Фрунзенская,Сокольническая линия,2023,9554072,10056847,2581188962
Фрунзенская,Сокольническая линия,2024,7481546,7886638,2664615933
Ховрино,Замоскворецкая линия,2021,13364108,12274075,1138976115
Ховрино,Замоскворецкая линия,2022,15097920,13793715,2363398718
Ховрино,Замоскворецкая линия,2023,16537044,14986022,2581188762
Ховрино,Замоскворецкая линия,2024,12347529,11046690,2664615776
Хорошёво,Московское центральное кольцо,2021,2743162,2913290,1139049636
Хорошёво,Московское центральное кольцо,2022,2453550,2609495,2363398859
Хорошёво,Московское центральное кольцо,2023,2326342,2473600,2581189605
Хорошёво,Московское центральное кольцо,2024,1791148,1911762,2664615883
Хорошёвская,Большая кольцевая линия,2021,2721496,2701513,1139049567
Хорошёвская,Большая кольцевая линия,2022,3116107,3188548,2363398689
Хорошёвская,Большая кольцевая линия,2023,4057587,4133169,2581188724
Хорошёвская,Большая кольцевая линия,2024,3586355,3690434,2664615749
ЦСКА,Большая кольцевая линия,2021,10357252,10400614,1138976435
ЦСКА,Большая кольцевая линия,2022,10380669,10675637,2363398688
ЦСКА,Большая кольцевая линия,2023,11568938,11886456,2581188722
ЦСКА,Большая кольцевая линия,2024,9200446,9434331,2664615747
Царицыно,Замоскворецкая линия,2021,18712365,18228961,1138976600
Царицыно,Замоскворецкая линия,2022,17948586,17181094,2363398740
Царицыно,Замоскворецкая линия,2023,12903454,12371819,2581188785
Царицыно,Замоскворецкая линия,2024,15303163,14583971,2664615797
Цветной бульвар,Серпуховско-Тимирязевская линия,2021,7051010,7310271,1138976254
Цветной бульвар,Серпуховско-Тимирязевская линия,2022,7640754,8036919,2363398885
Цветной бульвар,Серпуховско-Тимирязевская линия,2023,7583181,7968126,2581188930
Цветной бульвар,Серпуховско-Тимирязевская линия,2024,5752876,6039888,2664615905
Черкизовская,Сокольническая линия,2021,5015713,4797186,1138976154
Черкизовская,Сокольническая линия,2022,6284177,5570914,2363398904
Черкизовская,Сокольническая линия,2023,6585104,5732910,2581188949
Черкизовская,Сокольническая линия,2024,4950344,4300767,2664615922
Чертановская,Серпуховско-Тимирязевская линия,2021,10038682,9984185,1138976356
Чертановская,Серпуховско-Тимирязевская линия,2022,10978496,10932831,2363398897
Чертановская,Серпуховско-Тимирязевская линия,2023,11338162,11275726,2581188941
Чертановская,Серпуховско-Тимирязевская линия,2024,8177150,8160951,2664615915
Чеховская,Серпуховско-Тимирязевская линия,2021,6590632,6934381,1138976341
Чеховская,Серпуховско-Тимирязевская линия,2022,7169367,7630133,2363398886
Чеховская,Серпуховско-Тимирязевская линия,2023,6846953,7284019,2581188931
Чеховская,Серпуховско-Тимирязевская линия,2024,5508345,5873943,2664615906
Чистые пруды,Сокольническая линия,2021,6111852,6265262,1138976164
Чистые пруды,Сокольническая линия,2022,6562924,6843903,2363398912
Чистые пруды,Сокольническая линия,2023,6782891,7096594,2581188956
Чистые пруды,Сокольническая линия,2024,5403915,5646777,2664615927
Чкаловская,Люблинско-Дмитровская линия,2021,13734766,13357856,1138976394
Чкаловская,Люблинско-Дмитровская линия,2022,15470341,15036782,2363398808
Чкаловская,Люблинско-Дмитровская линия,2023,12003394,11778341,2581188855
Чкаловская,Люблинско-Дмитровская линия,2024,5254560,5418592,2664615846
Шаболовская,Калужско-Рижская линия,2021,7736857,8133889,1138976235
Шаболовская,Калужско-Рижская линия,2022,8660538,9152553,2363398770
Шаболовская,Калужско-Рижская линия,2023,8687782,9147985,2581188816
Шаболовская,Калужско-Рижская линия,2024,6318114,6658247,2664615819
Шелепиха,Большая кольцевая линия,2021,2507873,2584833,1139050931
Шелепиха,Большая кольцевая линия,2022,3568977,3693723,2363420407
Шелепиха,Большая кольцевая линия,2023,4262168,4338811,2581190062
Шелепиха,Большая кольцевая линия,2024,2216986,2227914,2664619836
Шелепиха,Московское центральное кольцо,2021,2545719,2772750,1139049637
Шелепиха,Московское центральное кольцо,2022,2603469,2844220,2363398858
Шелепиха,Московское центральное кольцо,2023,2814389,3027239,2581189706
Шелепиха,Московское центральное кольцо,2024,2644128,2806755,2664615882
Шипиловская,Люблинско-Дмитровская линия,2021,4448729,4454719,1138976357
Шипиловская,Люблинско-Дмитровская линия,2022,4898698,4883073,2363398821
Шипиловская,Люблинско-Дмитровская линия,2023,5371983,5308601,2581188869
Шипиловская,Люблинско-Дмитровская линия,2024,3480759,3472873,2664615859
Шоссе Энтузиастов,Калининская линия,2021,6736655,7292282,1139049570
Шоссе Энтузиастов,Калининская линия,2022,7055070,7603550,2363398749
Шоссе Энтузиастов,Калининская линия,2023,7240273,7735306,2581188795
Шоссе Энтузиастов,Калининская линия,2024,5338897,5675358,2664615805
Шоссе Энтузиастов,Московское центральное кольцо,2021,2525381,2841820,1139050958
Шоссе Энтузиастов,Московское центральное кольцо,2022,2576921,2904751,2363426705
Шоссе Энтузиастов,Московское центральное кольцо,2023,2631335,2947106,2581190468
Шоссе Энтузиастов,Московское центральное кольцо,2024,1896080,2118391,2664648753
Щукинская,Таганско-Краснопресненская линия,2021,12827896,12906413,1138976170
Щукинская,Таганско-Краснопресненская линия,2022,13933550,13929654,2363398951
Щукинская,Таганско-Краснопресненская линия,2023,14401008,14358314,2581188995
Щукинская,Таганско-Краснопресненская линия,2024,10771352,10735986,2664615962
Щёлковская,Арбатско-Покровская линия,2021,24367874,23283699,1139049547
Щёлковская,Арбатско-Покровская линия,2022,25495636,24115403,2363398685
Щёлковская,Арбатско-Покровская линия,2023,25384003,23927435,2581188719
Щёлковская,Арбатско-Покровская линия,2024,18572446,17530788,2664615746
Электрозаводская,Арбатско-Покровская линия,2021,10516472,11115689,1139049535
Электрозаводская,Арбатско-Покровская линия,2022,11671419,12460089,2363398678
Электрозаводская,Арбатско-Покровская линия,2023,10711106,11550050,2581188713
Электрозаводская,Арбатско-Покровская линия,2024,7789973,8404358,2664615741
Электрозаводская,Большая кольцевая линия,2023,6409625,7616636,2581190162
Электрозаводская,Большая кольцевая линия,2024,5436625,6251700,2664619880
Электрозаводская,Некрасовская линия,2021,2094742,2093869,1146103262
Электрозаводская,Некрасовская линия,2022,2347158,2344953,2363420816
Юго-Восточная,Некрасовская линия,2021,3281716,3116373,1138976423
Юго-Восточная,Некрасовская линия,2022,3928549,3767532,2363398869
Юго-Восточная,Некрасовская линия,2023,4522958,4546016,2581188914
Юго-Восточная,Некрасовская линия,2024,3516901,3566399,2664615892
Юго-Западная,Сокольническая линия,2021,14359788,14442041,1138976181
Юго-Западная,Сокольническая линия,2022,17382599,17570362,2363398924
Юго-Западная,Сокольническая линия,2023,18697603,18993799,2581188968
Юго-Западная,Сокольническая линия,2024,13235468,13427170,2664615937
Южная,Серпуховско-Тимирязевская линия,2021,7188417,7152364,1138976358
Южная,Серпуховско-Тимирязевская линия,2022,7727867,7686069,2363398898
Южная,Серпуховско-Тимирязевская линия,2023,8078382,7991984,2581188942
Южная,Серпуховско-Тимирязевская линия,2024,5868568,5827782,2664615916
Ясенево,Калужско-Рижская линия,2021,8919464,8815091,1138976126
Ясенево,Калужско-Рижская линия,2022,9994183,9827233,2363398780
Ясенево,Калужско-Рижская линия,2023,10487511,10319872,2581188826
Ясенево,Калужско-Рижская линия,2024,7821595,7721667,2664615829
Яхромская,Люблинско-Дмитровская линия,2023,1865434,1822836,2625907499
Яхромская,Люблинско-Дмитровская линия,2024,4548598,4445138,2664616048
улица Дмитриевского,Некрасовская линия,2021,2896953,2819403,1139049584
улица Дмитриевского,Некрасовская линия,2022,3142157,3055071,2363398871
улица Дмитриевского,Некрасовская линия,2023,3390407,3382136,2581188916
улица Дмитриевского,Некрасовская линия,2024,2507205,2510552,2664615894
